-- phpMyAdmin SQL Dump
-- version 5.2.1
-- https://www.phpmyadmin.net/
--
-- Host: 127.0.0.1
-- Generation Time: Nov 13, 2025 at 11:33 PM
-- Server version: 10.4.32-MariaDB
-- PHP Version: 8.2.12

SET SQL_MODE = "NO_AUTO_VALUE_ON_ZERO";
START TRANSACTION;
SET time_zone = "+00:00";


/*!40101 SET @OLD_CHARACTER_SET_CLIENT=@@CHARACTER_SET_CLIENT */;
/*!40101 SET @OLD_CHARACTER_SET_RESULTS=@@CHARACTER_SET_RESULTS */;
/*!40101 SET @OLD_COLLATION_CONNECTION=@@COLLATION_CONNECTION */;
/*!40101 SET NAMES utf8mb4 */;

--
-- Database: `attendance_db_plain`
--

-- --------------------------------------------------------

--
-- Table structure for table `admin_users`
--

CREATE TABLE `admin_users` (
  `id` int(11) NOT NULL,
  `username` varchar(100) NOT NULL,
  `password_plain` varchar(255) NOT NULL,
  `full_name` varchar(150) DEFAULT NULL,
  `email` varchar(150) DEFAULT NULL,
  `role` varchar(50) NOT NULL DEFAULT 'user',
  `created_at` timestamp NOT NULL DEFAULT current_timestamp()
) ENGINE=InnoDB DEFAULT CHARSET=utf8mb4 COLLATE=utf8mb4_general_ci;

--
-- Dumping data for table `admin_users`
--

INSERT INTO `admin_users` (`id`, `username`, `password_plain`, `full_name`, `email`, `role`, `created_at`) VALUES
(1, 'admin', '1234', 'System Administrator', 'admin@example.com', 'admin', '2025-11-07 21:13:47'),
(2, 'yo7ana', '2003', 'انطونيوس معوض', NULL, 'admin', '2025-11-09 16:24:22'),
(4, 'mariam', '123', 'Mariam Karam', NULL, 'teacher', '2025-11-12 18:20:09'),
(5, 'abanob', '44', 'abanob', NULL, 'admin', '2025-11-13 18:27:11');

-- --------------------------------------------------------

--
-- Table structure for table `attendance`
--

CREATE TABLE `attendance` (
  `id` int(11) NOT NULL,
  `lecture_id` int(11) NOT NULL,
  `member_id` int(11) DEFAULT NULL,
  `scanned_id_number` varchar(80) DEFAULT NULL,
  `scanned_json` text DEFAULT NULL,
  `check_in` datetime DEFAULT NULL,
  `check_out` datetime DEFAULT NULL,
  `raw_minutes` int(11) DEFAULT NULL,
  `deducted_minutes` int(11) DEFAULT 0,
  `duration_minutes` int(11) DEFAULT NULL,
  `status` enum('pending','present','absent') DEFAULT 'pending',
  `created_at` timestamp NOT NULL DEFAULT current_timestamp(),
  `updated_at` timestamp NOT NULL DEFAULT current_timestamp() ON UPDATE current_timestamp()
) ENGINE=InnoDB DEFAULT CHARSET=utf8mb4 COLLATE=utf8mb4_general_ci;

--
-- Dumping data for table `attendance`
--

INSERT INTO `attendance` (`id`, `lecture_id`, `member_id`, `scanned_id_number`, `scanned_json`, `check_in`, `check_out`, `raw_minutes`, `deducted_minutes`, `duration_minutes`, `status`, `created_at`, `updated_at`) VALUES
(19, 1, NULL, '255', NULL, '2025-11-08 02:52:35', '2025-11-08 02:52:45', NULL, 0, 0, 'present', '2025-11-08 00:52:35', '2025-11-08 00:52:45'),
(20, 1, NULL, '26092', NULL, '2025-11-08 02:56:53', '2025-11-08 03:51:47', NULL, 0, 54, 'present', '2025-11-08 00:56:53', '2025-11-08 01:51:47'),
(21, 1, NULL, '26089', NULL, '2025-11-08 02:57:58', '2025-11-08 03:51:47', NULL, 0, 53, 'present', '2025-11-08 00:57:58', '2025-11-08 01:51:47'),
(22, 1, NULL, '26088', NULL, '2025-11-08 03:03:58', '2025-11-08 03:14:44', NULL, 0, 10, 'present', '2025-11-08 01:03:58', '2025-11-08 01:14:44'),
(23, 1, NULL, '25107', NULL, '2025-11-08 03:51:05', '2025-11-08 03:51:47', NULL, 0, 0, 'present', '2025-11-08 01:51:05', '2025-11-08 01:51:47'),
(24, 1, NULL, '25145', NULL, '2025-11-08 03:58:25', '2025-11-09 16:53:24', NULL, 0, 2214, 'present', '2025-11-08 01:58:25', '2025-11-09 14:53:24'),
(26, 1, NULL, '26095', NULL, '2025-11-08 03:58:27', '2025-11-09 16:53:24', NULL, 0, 2214, 'present', '2025-11-08 01:58:27', '2025-11-09 14:53:24'),
(27, 1, NULL, '26094', NULL, '2025-11-08 03:58:37', '2025-11-09 16:53:24', NULL, 0, 2214, 'present', '2025-11-08 01:58:37', '2025-11-09 14:53:24'),
(29, 1, NULL, '26093', NULL, '2025-11-08 03:58:38', '2025-11-09 16:53:24', NULL, 0, 2214, 'present', '2025-11-08 01:58:38', '2025-11-09 14:53:24'),
(44, 1, NULL, '26091', NULL, '2025-11-08 03:58:47', '2025-11-09 16:53:24', NULL, 0, 2214, 'present', '2025-11-08 01:58:47', '2025-11-09 14:53:24'),
(45, 1, NULL, '26090', NULL, '2025-11-08 03:58:48', '2025-11-09 16:53:24', NULL, 0, 2214, 'present', '2025-11-08 01:58:48', '2025-11-09 14:53:24'),
(55, 1, NULL, '26087', NULL, '2025-11-08 03:58:55', '2025-11-09 16:53:24', NULL, 0, 2214, 'present', '2025-11-08 01:58:55', '2025-11-09 14:53:24'),
(58, 1, NULL, '26086', NULL, '2025-11-08 03:58:57', '2025-11-09 16:53:24', NULL, 0, 2214, 'present', '2025-11-08 01:58:57', '2025-11-09 14:53:24'),
(61, 1, NULL, '26085', NULL, '2025-11-08 03:58:58', '2025-11-09 16:53:24', NULL, 0, 2214, 'present', '2025-11-08 01:58:58', '2025-11-09 14:53:24'),
(69, 1, NULL, '26084', NULL, '2025-11-08 03:59:03', '2025-11-09 16:53:24', NULL, 0, 2214, 'present', '2025-11-08 01:59:03', '2025-11-09 14:53:24'),
(72, 1, NULL, '26083', NULL, '2025-11-08 03:59:05', '2025-11-09 16:53:24', NULL, 0, 2214, 'present', '2025-11-08 01:59:05', '2025-11-09 14:53:24'),
(75, 1, NULL, '26082', NULL, '2025-11-08 03:59:06', '2025-11-09 16:53:24', NULL, 0, 2214, 'present', '2025-11-08 01:59:06', '2025-11-09 14:53:24'),
(78, 1, NULL, '26081', NULL, '2025-11-08 03:59:08', '2025-11-09 16:53:24', NULL, 0, 2214, 'present', '2025-11-08 01:59:08', '2025-11-09 14:53:24'),
(81, 1, NULL, '888', NULL, '2025-11-08 03:59:13', '2025-11-09 16:53:24', NULL, 0, 2214, 'present', '2025-11-08 01:59:13', '2025-11-09 14:53:24'),
(84, 6, NULL, '25027', NULL, '2025-11-08 04:05:14', NULL, NULL, 0, NULL, 'pending', '2025-11-08 02:05:14', '2025-11-08 02:05:14'),
(85, 6, NULL, '25107', NULL, '2025-11-08 04:06:13', NULL, NULL, 0, NULL, 'present', '2025-11-08 02:06:13', '2025-11-08 02:06:13'),
(86, 6, NULL, '25145', NULL, '2025-11-08 04:09:06', '2025-11-09 16:59:01', NULL, 14, 2209, 'present', '2025-11-08 02:09:06', '2025-11-09 14:59:42'),
(110, 6, NULL, '26095', NULL, '2025-11-08 04:09:31', '2025-11-09 17:00:24', NULL, 10, 2200, 'present', '2025-11-08 02:09:31', '2025-11-09 15:00:24'),
(118, 6, NULL, '26094', NULL, '2025-11-08 04:09:34', NULL, NULL, 0, NULL, 'pending', '2025-11-08 02:09:34', '2025-11-08 02:09:34'),
(121, 6, NULL, '26093', NULL, '2025-11-08 04:09:36', NULL, NULL, 0, NULL, 'pending', '2025-11-08 02:09:36', '2025-11-08 02:09:36'),
(128, 6, NULL, '26092', NULL, '2025-11-08 04:09:39', NULL, NULL, 0, NULL, 'pending', '2025-11-08 02:09:39', '2025-11-08 02:09:39'),
(131, 6, NULL, '26091', NULL, '2025-11-08 04:09:41', NULL, NULL, 0, NULL, 'pending', '2025-11-08 02:09:41', '2025-11-08 02:09:41'),
(132, 6, NULL, '26090', NULL, '2025-11-08 04:09:42', NULL, NULL, 0, NULL, 'pending', '2025-11-08 02:09:42', '2025-11-08 02:09:42'),
(133, 6, NULL, '26089', NULL, '2025-11-08 04:09:43', NULL, NULL, 0, NULL, 'pending', '2025-11-08 02:09:43', '2025-11-08 02:09:43'),
(134, 6, NULL, '26088', NULL, '2025-11-08 04:09:45', NULL, NULL, 0, NULL, 'pending', '2025-11-08 02:09:45', '2025-11-08 02:09:45'),
(135, 6, NULL, '26087', NULL, '2025-11-08 04:09:46', NULL, NULL, 0, NULL, 'pending', '2025-11-08 02:09:46', '2025-11-08 02:09:46'),
(213, 1, NULL, '11', NULL, '2025-11-09 16:53:36', '2025-11-09 16:53:52', NULL, 0, 0, 'present', '2025-11-09 14:53:36', '2025-11-09 14:53:52'),
(214, 6, NULL, '26076', NULL, '2025-11-12 18:19:04', NULL, NULL, 0, NULL, 'pending', '2025-11-12 16:19:04', '2025-11-12 16:19:04'),
(251, 8, 988, '26076', NULL, '2025-11-12 20:00:08', '2025-11-12 23:22:31', NULL, 0, 202, 'present', '2025-11-12 18:00:08', '2025-11-12 21:22:31'),
(252, 8, 1057, '25107', NULL, '2025-11-12 20:00:21', '2025-11-12 23:22:31', NULL, 0, 202, 'present', '2025-11-12 18:00:21', '2025-11-12 21:22:31'),
(253, 8, 1011, '24017', NULL, '2025-11-12 20:49:27', '2025-11-12 23:22:31', NULL, 0, 153, 'present', '2025-11-12 18:49:27', '2025-11-12 21:22:31'),
(254, 8, NULL, '25155', NULL, '2025-11-12 20:50:25', '2025-11-12 23:22:31', NULL, 0, 152, 'present', '2025-11-12 18:50:25', '2025-11-12 21:22:31'),
(255, 1, 1011, '24017', NULL, '2025-11-12 22:46:09', NULL, NULL, 0, NULL, 'present', '2025-11-12 20:46:09', '2025-11-12 20:46:09'),
(256, 6, 1011, '24017', NULL, '2025-11-12 22:47:54', NULL, NULL, 0, NULL, 'present', '2025-11-12 20:47:54', '2025-11-12 20:47:54');

-- --------------------------------------------------------

--
-- Table structure for table `audit_log`
--

CREATE TABLE `audit_log` (
  `id` int(11) NOT NULL,
  `admin_id` int(11) DEFAULT NULL,
  `action` varchar(100) NOT NULL,
  `target_table` varchar(50) DEFAULT 'attendance',
  `target_id` int(11) DEFAULT NULL,
  `payload` longtext CHARACTER SET utf8mb4 COLLATE utf8mb4_bin DEFAULT NULL CHECK (json_valid(`payload`)),
  `created_at` timestamp NOT NULL DEFAULT current_timestamp()
) ENGINE=InnoDB DEFAULT CHARSET=utf8mb4 COLLATE=utf8mb4_general_ci;

-- --------------------------------------------------------

--
-- Table structure for table `exam_results`
--

CREATE TABLE `exam_results` (
  `id` int(11) NOT NULL,
  `subject` varchar(255) NOT NULL,
  `student_code` varchar(50) NOT NULL,
  `score` int(11) NOT NULL,
  `created_at` datetime NOT NULL
) ENGINE=InnoDB DEFAULT CHARSET=utf8mb4 COLLATE=utf8mb4_general_ci;

-- --------------------------------------------------------

--
-- Table structure for table `lectures`
--

CREATE TABLE `lectures` (
  `id` int(11) NOT NULL,
  `title` varchar(200) NOT NULL,
  `lecture_date` date NOT NULL,
  `lecture_time` time DEFAULT NULL,
  `notes` text DEFAULT NULL,
  `created_by` int(11) DEFAULT NULL,
  `created_at` timestamp NOT NULL DEFAULT current_timestamp()
) ENGINE=InnoDB DEFAULT CHARSET=utf8mb4 COLLATE=utf8mb4_general_ci;

--
-- Dumping data for table `lectures`
--

INSERT INTO `lectures` (`id`, `title`, `lecture_date`, `lecture_time`, `notes`, `created_by`, `created_at`) VALUES
(1, 'محاضرة تجريبية', '2025-11-10', '09:00:00', 'اختبار', 1, '2025-11-07 21:13:47'),
(6, 'dvd', '2025-11-08', '00:47:00', 'v', 1, '2025-11-07 23:48:41'),
(8, 'test 3', '2025-11-12', '18:59:00', '', 1, '2025-11-12 17:59:31'),
(9, 'test 4', '2025-11-12', '19:02:00', '', 1, '2025-11-12 18:02:55');

-- --------------------------------------------------------

--
-- Table structure for table `members`
--

CREATE TABLE `members` (
  `id` int(11) NOT NULL,
  `code` varchar(80) NOT NULL,
  `name` varchar(150) NOT NULL,
  `id_number` varchar(80) NOT NULL
) ENGINE=InnoDB DEFAULT CHARSET=utf8mb4 COLLATE=utf8mb4_general_ci;

--
-- Dumping data for table `members`
--

INSERT INTO `members` (`id`, `code`, `name`, `id_number`) VALUES
(15, 'M001', 'اندرو عبدالمسيح غطاس', '25004'),
(16, 'M002', 'بولس ممدوح فوزي', '25008'),
(17, 'M003', 'جون جاد وهيب', '25018'),
(18, 'M004', 'دميانة أسامة لويس', '25019'),
(19, 'M005', 'دميانة عماد وصفى', '25020'),
(20, 'M006', 'سمعان اشرف فريد', '25024'),
(21, 'M007', 'ماريا مجدي بشري', '25040'),
(22, 'M008', 'مارينا سامح ملاك', '25043'),
(23, 'M009', 'مايكل كمال فهمي', '25048'),
(24, 'M010', 'ميرولا حنا رشدي', '25056'),
(25, 'M011', 'مينا رضا صالح', '25057'),
(26, 'M012', 'يوسف وسام ابراهيم', '25069'),
(27, 'M013', 'يوسي سرور سعيد', '25070'),
(28, 'M014', 'ايريني اشرف فهيم', '25075'),
(29, 'M015', 'ايلاريا روماني شفيق', '25076'),
(30, 'M016', 'توماس حنا فتحي', '25080'),
(31, 'M017', 'توماس عزت نعيم', '25081'),
(32, 'M018', 'ساندرا نصر فهمي', '25090'),
(33, 'M019', 'سوسنا ايهاب وصفى', '25091'),
(34, 'M020', 'كلارا رضا صالح', '25095'),
(35, 'M021', 'كيرلس حازم ثابت', '25097'),
(36, 'M022', 'مريم مقار القس يعقوب', '25111'),
(37, 'M023', 'مريم يوسف ثابت', '25112'),
(38, 'M024', 'روماني عصام عبدالله', '25136'),
(39, 'M025', 'ناديه يوسف شحاته', '25141'),
(40, 'M026', 'جونير حنا رشدى', '25151'),
(41, 'M027', 'ابرام مجدي نصار', '25152'),
(42, 'M028', 'مينا ماجد فايز', '25157'),
(43, 'M029', 'دميانة لبيب نبيه', '25158'),
(44, 'M030', 'كيرمينا نبيل فاروق', '25164'),
(45, 'M031', 'مارثا بولس صديق', '25174'),
(46, 'M032', 'ايريني وليد عزت', '25179'),
(47, 'M033', 'كيرلس اسامة عدلى', '25194'),
(48, 'M034', 'بافلى اسامة ميخائيل', '25195'),
(49, 'M035', 'ابانوب ماهر عطية', '26001'),
(50, 'M036', 'ابرام فادي فتحي', '26002'),
(51, 'M037', 'مريم رمزي زكريا', '26003'),
(52, 'M038', 'جومانا خير متي', '26004'),
(53, 'M039', 'جومانا ملاك عطالله', '26005'),
(54, 'M040', 'جيهان منصور سفين', '26006'),
(55, 'M041', 'حنان ادوار راضي', '26007'),
(56, 'M042', 'دميانة ماجد فؤاد', '26008'),
(57, 'M043', 'رين فيصل عوض', '26009'),
(58, 'M044', 'سارة اشرف سمير', '26010'),
(59, 'M045', 'عماد السبع شاكر', '26011'),
(60, 'M046', 'فادي فتحي ماهر', '26012'),
(61, 'M047', 'مارفل سامح ملاك', '26013'),
(62, 'M048', 'ماريا يوسف سعيد', '26014'),
(63, 'M049', 'مريم رشدى راشد', '26015'),
(64, 'M050', 'مريم سامح فخري', '26016'),
(65, 'M051', 'مريم مجدي السبع', '26017'),
(66, 'M052', 'مهرائيل مدحت انور', '26018'),
(67, 'M053', 'مهرائيل مدحت مكرم', '26019'),
(68, 'M054', 'ميرولا ماجد فايز', '26020'),
(69, 'M055', 'مينا عاطف خلف', '26021'),
(70, 'M056', 'يوستينا هانى البير', '26022'),
(71, 'M057', 'ابتسام ممدوح شفيق', '26023'),
(72, 'M058', 'مارفي جرجس زكري', '26024'),
(73, 'M059', 'جومانة جرجس زكري', '26025'),
(74, 'M060', 'مريم راضي حكيم', '26026'),
(75, 'M061', 'سعد نبيل سعد', '26027'),
(76, 'M062', 'فبرونيا كمال حليم', '26028'),
(77, 'M063', 'ماريا جرجس بخيت', '26029'),
(78, 'M064', 'اوديت بلبل اسكندر', '26030'),
(79, 'M065', 'كلارا عاطف عزت', '26031'),
(80, 'M066', 'مينا جرجس بخيت', '26032'),
(81, 'M067', 'دميانة روماني راتب', '26033'),
(82, 'M068', 'رامز كرم رمزي', '26034'),
(83, 'M069', 'ايريني عدلي جابر', '26035'),
(84, 'M070', 'كيرلس هشام بباوي', '26036'),
(85, 'M071', 'ابانوب اكرامي عدلى', '26037'),
(86, 'M072', 'جرجس ونجت فكيه', '26038'),
(87, 'M073', 'توماس معزوز حليم', '26039'),
(88, 'M074', 'كيرلس رامي رمسيس', '26040'),
(89, 'M075', 'ايريني نادر عبدالتواب', '26041'),
(90, 'M076', 'مهرائيل هشام كامل', '26042'),
(91, 'M077', 'يوسف ماهر يوسف', '26043'),
(92, 'M078', 'مريم نبيل مارس', '26044'),
(93, 'M079', 'هايدى عادل عبد السيد', '26045'),
(94, 'M080', 'كرستينا عماد منير يوسف', '26046'),
(95, 'M081', 'كيرلس رضا صالح', '26047'),
(96, 'M082', 'بيتر مجدي لمعي', '26048'),
(97, 'M083', 'ماري اشرف نجيب', '26049'),
(98, 'M084', 'مهرائيل رفعت لبيب', '26050'),
(99, 'M085', 'تريزا ناجى نصيف', '26051'),
(100, 'M086', 'مادونا عماد ابراهيم', '26052'),
(101, 'M087', 'جومانا ميلاد عزمي', '26053'),
(102, 'M088', 'مينا هاني فتحي', '26054'),
(103, 'M089', 'مينا مجدي عزيز', '26056'),
(104, 'M090', 'نانسى أنور لطيف', '26057'),
(105, 'M091', 'ميرا جورج سعدالله', '26058'),
(106, 'M092', 'توماس كرم كامل', '26059'),
(107, 'M093', 'ناردين عبدالملاك صبحي', '26060'),
(108, 'M094', 'مارينا عادل سامي', '26061'),
(109, 'M095', 'روماني سليمان غالي', '26062'),
(110, 'M096', 'ايريني عنتر بطرس', '26063'),
(111, 'M097', 'كلارا وائل عريان', '26064'),
(112, 'M098', 'جرجس فوزي نصير', '26065'),
(113, 'M099', 'بربارة وليد نبيل', '26066'),
(114, 'M100', 'مهرائيل امجد نصحي', '26067'),
(980, 'M101', 'دميانة نبيل يعقوب', '26068 '),
(981, 'M102', 'ايريني بخيت يوسف', '26069 '),
(982, 'M103', 'فريال عدلي فايق', '26070 '),
(983, 'M104', 'ناريمان نبيل كميل', '26071 '),
(984, 'M105', 'شيرين بخيت حلمى', '26072 '),
(985, 'M106', 'منير سامى عبد الملك', '26073 '),
(986, 'M107', 'توماس منير ميلاد', '26074 '),
(987, 'M108', 'ديفيد رؤوف مراد', '26075 '),
(988, 'M109', 'شنودة سمير يسرى', '26076 '),
(989, 'M110', 'چوفاني وائل عريان', '26077 '),
(990, 'M111', 'مايكل شنوده لمعي', '26078 '),
(991, 'M112', 'مادونا وليد سمير', '26079 '),
(992, 'M113', 'أبانوب وليم خلف', '26080 '),
(993, 'M114', 'ماريت مدحت أمين', '26081 '),
(994, 'M115', 'نرمين هاني منير', '26082 '),
(995, 'M116', 'ملاك صبحى راشد', '26083 '),
(996, 'M117', 'كيرمينا ميشيل فوزي', '26084 '),
(997, 'M118', 'ناريمان عياد بخيت', '26085 '),
(998, 'M119', 'جونير بشري عبده', '26086 '),
(999, 'M120', 'ايريني عماد شهيد', '26087 '),
(1000, 'M121', 'مارينا ميلاد رفعت', '26088 '),
(1001, 'M122', 'مارينا داود وليم', '26089 '),
(1002, 'M123', 'أمجد عياد فهمي', '26090 '),
(1003, 'M124', 'مريم هاني منصور', '26091 '),
(1004, 'M125', 'ايريني عماد فارس', '26092 '),
(1005, 'M126', 'ايريني عماد فارس', '26092 '),
(1006, 'M127', 'تيبر عبدالتواب سعد', '26094 '),
(1007, 'M128', 'مارينا سعد عبد التواب', '26095 '),
(1008, 'M129', 'باسم وائل ناجح', '24004 '),
(1009, 'M130', 'بافلي رافت فوزي', '24005 '),
(1010, 'M131', 'ساندي سامي ملك', '24015 '),
(1011, 'M132', 'شيرى عازر جاد', '24017 '),
(1012, 'M133', 'كريم صبرى نصيف', '24021 '),
(1013, 'M134', 'ماريان ناصر سمير', '24025 '),
(1014, 'M135', 'يوسف اسامة فوزي', '24033 '),
(1015, 'M136', 'فيولا منير عطية', '24038 '),
(1016, 'M137', 'جورج سمير عاطف', '24040 '),
(1017, 'M138', 'ابانوب عماد موسي', '25002 '),
(1018, 'M139', 'ايريني اشرف جرجس', '25006 '),
(1019, 'M140', 'توماس هشام بدر', '25011 '),
(1020, 'M141', 'ساندرا عزمي عزت', '25021 '),
(1021, 'M142', 'ساندرا فادي فتحي', '25022 '),
(1022, 'M143', 'سيلفيا سمير صبحي', '25025 '),
(1023, 'M144', 'سيلفيا عزمي عزت', '25026 '),
(1024, 'M145', 'شيري فليمون ناجح', '25027 '),
(1025, 'M146', 'فادي سمير سعيد', '25028 '),
(1026, 'M147', 'فيرينا اميل جورجي', '25029 '),
(1027, 'M148', 'كاترين عماد ملاك', '25031 '),
(1028, 'M149', 'كرستينا أشرف فهيم', '25032 '),
(1029, 'M150', 'كيرلس عادل جاد', '25033 '),
(1030, 'M151', 'كيرلس ناصر راضي', '25034 '),
(1031, 'M152', 'مارتينا نصري بخيت', '25036 '),
(1032, 'M153', 'مرية بطرس ثابت', '25039 '),
(1033, 'M154', 'ماريا ناجي وديع', '25041 '),
(1034, 'M155', 'ماريان عادل عريان', '25042 '),
(1035, 'M156', 'مارينا كمال فهمي', '25046 '),
(1036, 'M157', 'مايكل جرجس وصفي', '25047 '),
(1037, 'M158', 'ملاك ميخائيل غطاس', '25050 '),
(1038, 'M159', 'ميرام رامي صبحي', '25053 '),
(1039, 'M160', 'نورهان راضي حكيم', '25060 '),
(1040, 'M161', 'هيلانا جرجس ذكري', '25062 '),
(1041, 'M162', 'يؤانا ايمن رشدي', '25063 '),
(1042, 'M163', 'يؤانا سمير بدري', '25064 '),
(1043, 'M164', 'يؤانا نسيم اسكندر', '25066 '),
(1044, 'M165', 'يؤانا مجدي خليل', '25067 '),
(1045, 'M166', 'ابانوب جرجس عبدالكريم', '25071 '),
(1046, 'M167', 'بطرس عجبان بطرس', '25077 '),
(1047, 'M168', 'بيشوي عطا نجيب', '25079 '),
(1048, 'M169', 'جرجس رأفت صبري', '25082 '),
(1049, 'M170', 'ريهام رمزي فهمي', '25087 '),
(1050, 'M171', 'ساندرا سمير صبحي', '25089 '),
(1051, 'M172', 'كاترين ايهاب ماهر', '25093 '),
(1052, 'M173', 'كرستين وجدي ناشد', '25094 '),
(1053, 'M174', 'كيرلس ظريف صبحي', '25099 '),
(1054, 'M175', 'مادونا فتحي زاهر', '25100 '),
(1055, 'M176', 'ماركو القمص انطون بسطة', '25103 '),
(1056, 'M177', 'مارينا اشرف فهيم', '25105 '),
(1057, 'M178', 'ماريو ميلاد اسحاق', '25107 '),
(1058, 'M179', 'مريام رأفت داود', '25109 '),
(1059, 'M180', 'ميرنا عماد عطية', '25113 '),
(1060, 'M181', 'مايكل عماد رمزي', '25118 '),
(1061, 'M182', 'جوفاني القس برسوم سامي', '25120 '),
(1062, 'M183', 'ماريز عاطف خلف', '25122 '),
(1063, 'M184', 'رامي فرج مليكة', '25123 '),
(1064, 'M185', 'جومانا نادر سمير', '25126 '),
(1065, 'M186', 'جورجيت نعيم شحاتة', '25130 '),
(1066, 'M187', 'روفينا يوسف وليم', '25131 '),
(1067, 'M188', 'فيلوباتير اميل جورج', '25135 '),
(1068, 'M189', 'ماريز ماجد عجيب', '25143 '),
(1069, 'M190', 'كيرلس اشرف سمير', '25147 '),
(1070, 'M191', 'ملاك سامي عبدالملك', '25163 '),
(1071, 'M192', 'شادى ايمن سمير', '25169 '),
(1072, 'M193', 'مارتينا اشرف عدلي', '25171 '),
(1073, 'M194', 'مارتينا واصف موريس', '25176 '),
(1074, 'M195', 'انطونيوس لابان فهمي', '25178 '),
(1075, 'M196', 'مارينا عزت عبد الفادى', '25181 '),
(1076, 'M197', 'كرستين هلال فوزى', '25187 '),
(1077, 'M198', 'ناردين ونجت فوكيه', '25192 '),
(1078, 'M199', 'جرجس هاني ثابت', '25196');

--
-- Indexes for dumped tables
--

--
-- Indexes for table `admin_users`
--
ALTER TABLE `admin_users`
  ADD PRIMARY KEY (`id`),
  ADD UNIQUE KEY `username` (`username`);

--
-- Indexes for table `attendance`
--
ALTER TABLE `attendance`
  ADD PRIMARY KEY (`id`),
  ADD UNIQUE KEY `uq_lecture_member` (`lecture_id`,`member_id`),
  ADD UNIQUE KEY `uq_lecture_scanned` (`lecture_id`,`scanned_id_number`),
  ADD KEY `member_id` (`member_id`);

--
-- Indexes for table `audit_log`
--
ALTER TABLE `audit_log`
  ADD PRIMARY KEY (`id`),
  ADD KEY `admin_id` (`admin_id`);

--
-- Indexes for table `exam_results`
--
ALTER TABLE `exam_results`
  ADD PRIMARY KEY (`id`);

--
-- Indexes for table `lectures`
--
ALTER TABLE `lectures`
  ADD PRIMARY KEY (`id`),
  ADD KEY `created_by` (`created_by`);

--
-- Indexes for table `members`
--
ALTER TABLE `members`
  ADD PRIMARY KEY (`id`),
  ADD UNIQUE KEY `code` (`code`);

--
-- AUTO_INCREMENT for dumped tables
--

--
-- AUTO_INCREMENT for table `admin_users`
--
ALTER TABLE `admin_users`
  MODIFY `id` int(11) NOT NULL AUTO_INCREMENT, AUTO_INCREMENT=6;

--
-- AUTO_INCREMENT for table `attendance`
--
ALTER TABLE `attendance`
  MODIFY `id` int(11) NOT NULL AUTO_INCREMENT, AUTO_INCREMENT=257;

--
-- AUTO_INCREMENT for table `audit_log`
--
ALTER TABLE `audit_log`
  MODIFY `id` int(11) NOT NULL AUTO_INCREMENT;

--
-- AUTO_INCREMENT for table `exam_results`
--
ALTER TABLE `exam_results`
  MODIFY `id` int(11) NOT NULL AUTO_INCREMENT;

--
-- AUTO_INCREMENT for table `lectures`
--
ALTER TABLE `lectures`
  MODIFY `id` int(11) NOT NULL AUTO_INCREMENT, AUTO_INCREMENT=10;

--
-- AUTO_INCREMENT for table `members`
--
ALTER TABLE `members`
  MODIFY `id` int(11) NOT NULL AUTO_INCREMENT, AUTO_INCREMENT=1079;

--
-- Constraints for dumped tables
--

--
-- Constraints for table `attendance`
--
ALTER TABLE `attendance`
  ADD CONSTRAINT `attendance_ibfk_1` FOREIGN KEY (`lecture_id`) REFERENCES `lectures` (`id`) ON DELETE CASCADE,
  ADD CONSTRAINT `attendance_ibfk_2` FOREIGN KEY (`member_id`) REFERENCES `members` (`id`) ON DELETE SET NULL;

--
-- Constraints for table `audit_log`
--
ALTER TABLE `audit_log`
  ADD CONSTRAINT `audit_log_ibfk_1` FOREIGN KEY (`admin_id`) REFERENCES `admin_users` (`id`) ON DELETE SET NULL;

--
-- Constraints for table `lectures`
--
ALTER TABLE `lectures`
  ADD CONSTRAINT `lectures_ibfk_1` FOREIGN KEY (`created_by`) REFERENCES `admin_users` (`id`) ON DELETE SET NULL;
COMMIT;

/*!40101 SET CHARACTER_SET_CLIENT=@OLD_CHARACTER_SET_CLIENT */;
/*!40101 SET CHARACTER_SET_RESULTS=@OLD_CHARACTER_SET_RESULTS */;
/*!40101 SET COLLATION_CONNECTION=@OLD_COLLATION_CONNECTION */;
